model,status,time_ms,details
Models-List/DDColor/DDColor_modelscope_512.mlpackage,ok,1639.3,saved=Models-List/DDColor/DDColor_Model_outputs/output_images/output_images1/DDColor_modelscope_512.png
Models-List/DDColor/DDColor_modelscope_512_ios18_pal-3_kmeans.mlpackage,ok,1168.7,saved=Models-List/DDColor/DDColor_Model_outputs/output_images/output_images1/DDColor_modelscope_512_ios18_pal-3_kmeans.png
Models-List/DDColor/DDColor_modelscope_512_ios18_quant4.mlpackage,ok,3199.8,saved=Models-List/DDColor/DDColor_Model_outputs/output_images/output_images1/DDColor_modelscope_512_ios18_quant4.png
Models-List/DDColor/DDColor_modelscope_512_pal-4_kmeans.mlpackage,ok,1521.6,saved=Models-List/DDColor/DDColor_Model_outputs/output_images/output_images1/DDColor_modelscope_512_pal-4_kmeans.png
Models-List/DDColor/DDColor_modelscope_512_pal-6_kmeans.mlpackage,ok,1688.5,saved=Models-List/DDColor/DDColor_Model_outputs/output_images/output_images1/DDColor_modelscope_512_pal-6_kmeans.png
Models-List/DDColor/DDColor_modelscope_512_pal-6_uniform.mlpackage,ok,1647.1,saved=Models-List/DDColor/DDColor_Model_outputs/output_images/output_images1/DDColor_modelscope_512_pal-6_uniform.png
Models-List/DDColor/DDColor_modelscope_512_pal-8_kmeans.mlpackage,ok,1730.0,saved=Models-List/DDColor/DDColor_Model_outputs/output_images/output_images1/DDColor_modelscope_512_pal-8_kmeans.png
Models-List/DDColor/DDColor_modelscope_512_pal-8_uniform.mlpackage,ok,1822.0,saved=Models-List/DDColor/DDColor_Model_outputs/output_images/output_images1/DDColor_modelscope_512_pal-8_uniform.png
Models-List/DDColor/DDColor_modelscope_512_Q-8.mlpackage,ok,1469.7,saved=Models-List/DDColor/DDColor_Model_outputs/output_images/output_images1/DDColor_modelscope_512_Q-8.png
